Committee Name,Payee First Name,Payee Middle Name,Payee Last Name,Payee Organization Name,Number and Street,City,State,Zip,Purpose of Expenditure,Further Explanation,Payment Date,Amount,Filer Type
Committee to Elect Ernest Johnson Mayor,,,,ActBlue ,PO Box 441146,Somerville,MA,02144,Bank Fees,,01/31/2026,$2.68,Principal Campaign Committee
Committee to Re - Elect Zachary Parker 2026,,,,ActBlue,366 Summer Street,Somerville,MA,02144,Computer and Web Expenses,Processing fees for ActBlue transactions,12/10/2025,$1796.60,Principal Campaign Committee
Committee to Re - Elect Zachary Parker 2026,,,,ActBlue Technical Services,PO Box 962017,Boston,MA,02196,Computer and Web Expenses,Actblue fees for deposit through March 10,03/10/2026,$112.03,Principal Campaign Committee
Committee to Re - Elect Zachary Parker 2026,,,,ActBlue Technical Services,PO Box 962017,Boston,MA,02196,Computer and Web Expenses,Actblue fees for deposit 401888013,03/08/2026,$21.56,Principal Campaign Committee
Committee to Re - Elect Zachary Parker 2026,,,,ActBlue Technical Services,PO Box 962017,Boston,MA,02196,Computer and Web Expenses,ActBlue Fees for 401879283,03/01/2026,$31.23,Principal Campaign Committee
Committee to Re - Elect Zachary Parker 2026,,,,ActBlue Technical Services,PO Box 962017,Boston,MA,02196,Computer and Web Expenses,Actblue Fees Deposit 401868659,02/22/2026,$84.96,Principal Campaign Committee
Committee to Re - Elect Zachary Parker 2026,,,,ActBlue Technical Services,PO Box 962017,Boston,MA,02196,Computer and Web Expenses,Actblue Fees deposit 401861671,02/15/2026,$57.29,Principal Campaign Committee
Committee to Re - Elect Zachary Parker 2026,,,,ActBlue Technical Services,PO Box 962017,Boston,MA,02196,Computer and Web Expenses,Actblue fees for deposit 401856998,02/08/2026,$23.92,Principal Campaign Committee
Committee to Re - Elect Zachary Parker 2026,,,,ActBlue Technical Services,PO Box 962017,Boston,MA,02196,Computer and Web Expenses,Actblue fees from deposit 401846671 (just February 1 gifts),02/01/2026,$12.06,Principal Campaign Committee
Committee to Re - Elect Zachary Parker 2026,,,,ActBlue Technical Services,PO Box 962017,Boston,MA,02196,Computer and Web Expenses,Partial fees from upcoming disbursement,01/31/2026,$353.27,Principal Campaign Committee
Committee to Re - Elect Zachary Parker 2026,,,,ActBlue Technical Services,PO Box 962017,Boston,MA,02196,Computer and Web Expenses,Fees for disbursement 401838911,01/25/2026,$94.68,Principal Campaign Committee
Committee to Re - Elect Zachary Parker 2026,,,,ActBlue Technical Services,PO Box 962017,Boston,MA,02196,Computer and Web Expenses,Fees for brusement 401833589,01/18/2026,$146.16,Principal Campaign Committee
Committee to Re - Elect Zachary Parker 2026,,,,ActBlue Technical Services,PO Box 962017,Boston,MA,02196,Computer and Web Expenses,Fees for dibursement 401825957,01/11/2026,$36.95,Principal Campaign Committee
Committee to Re - Elect Zachary Parker 2026,,,,ActBlue Technical Services,PO Box 962017,Boston,MA,02196,Computer and Web Expenses,Fees for disbursement 401820908,01/04/2026,$5.93,Principal Campaign Committee
Committee to Re - Elect Zachary Parker 2026,,,,ActBlue Technical Services,PO Box 962017,Boston,MA,02196,Computer and Web Expenses,Fees for dsibursement 401815003,12/31/2025,$9.88,Principal Campaign Committee
Committee to Re - Elect Zachary Parker 2026,,,,ActBlue Technical Services,PO Box 962017,Boston,MA,02196,Computer and Web Expenses,Fees for disbursement 401807909,12/28/2025,$17.78,Principal Campaign Committee
Committee to Re - Elect Zachary Parker 2026,,,,ActBlue Technical Services,PO Box 962017,Boston,MA,02196,Computer and Web Expenses,Fees for disbursement 401801329,12/21/2025,$36.56,Principal Campaign Committee
Committee to Re - Elect Zachary Parker 2026,,,,ActBlue Technical Services,PO Box 962017,Boston,MA,02196,Computer and Web Expenses,Part of fees from disbursement 401794213,12/14/2025,$74.10,Principal Campaign Committee
Committee to Re - Elect Zachary Parker 2026,,,,Amazon,410 Terry Avenue N,Seattle,WA,98109,Supplies,Printable Checks,01/22/2026,$31.79,Principal Campaign Committee
Committee to Re - Elect Zachary Parker 2026,,,,Amazon,410 Terry Avenue N,Seattle,WA,98109,Supplies,"Envelopes, Paper, Labels",01/22/2026,$45.15,Principal Campaign Committee
Committee to Re - Elect Zachary Parker 2026,Blankenship,,Maia,,1409 Franklin St NE,Washington,DC,22018,In-Kind,In-Kind Catering for Event they hosted,12/07/2025,$148.95,Principal Campaign Committee
Committee to Re - Elect Zachary Parker 2026,,,,Busboys and Poets - Brookland,625 Monroe St NE 312,Washington,DC,20017,Rental,Event space rental - campaign kick-off meet and greet,01/22/2026,$550.00,Principal Campaign Committee
Committee to Re - Elect Zachary Parker 2026,,,,Busboys and Poets - Brookland,625 Monroe St NE 312,Washington,DC,20017,Rental,Deposit for event space rental - campaign kick-off meet and greet,01/15/2026,$50.00,Principal Campaign Committee
Committee to Re - Elect Zachary Parker 2026,,,,Capital Stonewall Democrats,2000 14th St NW,Washington,DC,20009,Advertising,Sponsor - Capital Stonewalls 50th Anniversary Celebration Event,02/10/2026,$500.00,Principal Campaign Committee
Committee to Re - Elect Zachary Parker 2026,,,,CustomInk LLC,1640 Boro Place Suite 301,Tysons,VA,22102,Campaign Materials,Campaign Tshirts and Sweatshirts,01/19/2026,$2002.60,Principal Campaign Committee
Committee to Re - Elect Zachary Parker 2026,,,,DC Democratic Party,80 M St SE,Washington,DC,20003,Polling/Mailing List,Voter Outreach Tool - Check #8479,02/02/2026,$1500.00,Principal Campaign Committee
Committee to Re - Elect Zachary Parker 2026,,,,Eb & Flow Entertainment,4901 16th St NE,Washington,DC,20017,Rental,DJ Services for Campaign Kickoff meet and greet,01/21/2026,$350.00,Principal Campaign Committee
Committee to Re - Elect Zachary Parker 2026,,,,FedEx Office,400 New Jersey Ave NW,Washington,DC,20001,Campaign Materials,Campaign Banners,01/28/2026,$363.55,Principal Campaign Committee
Committee to Re - Elect Zachary Parker 2026,,,,Harland Clark,15955 La Cantera Parkway,San Antonio,TX,78256,Bank Fees,Checks,01/29/2026,$49.99,Principal Campaign Committee
Committee to Re - Elect Zachary Parker 2026,,,,Jeff Suggs Photography,812 Wheeler Hill Dr SE,Washington,DC,20032,Campaign Materials,Campaign Photos,12/15/2025,$450.00,Principal Campaign Committee
Committee to Re - Elect Zachary Parker 2026,Jesse,,Hegstrom Oakey,,1802 2nd St NW,Washington,DC,20001,Salary/Stipend,Campaign Field Coordinator check #1007,02/27/2026,$275.00,Principal Campaign Committee
Committee to Re - Elect Zachary Parker 2026,Jesse,,Hegstrom Oakey,,1802 2nd St NW,Washington,DC,20001,Salary/Stipend,Campaign Field Coordinator Check #1005,02/13/2026,$550.00,Principal Campaign Committee
Committee to Re - Elect Zachary Parker 2026,,,,Mailchimp,405 N Angier Ave NE,Atlanta,GA,30308,Computer and Web Expenses,Campaign Email Blasts,02/17/2026,$360.40,Principal Campaign Committee
Committee to Re - Elect Zachary Parker 2026,,,,Mailchimp,405 N Angier Ave NE,Atlanta,GA,30308,Computer and Web Expenses,Platform to send campaign email blasts,01/14/2026,$360.40,Principal Campaign Committee
Committee to Re - Elect Zachary Parker 2026,,,,Mailchimp,405 N Angier Ave NE,Atlanta,GA,30308,Computer and Web Expenses,Platform to send campaign email blasts,12/15/2025,$360.40,Principal Campaign Committee
Committee to Re - Elect Zachary Parker 2026,Makal,Thomas,Matthews,,6608 Hillwood Dr,Riverdale,MD,20737,Salary/Stipend,Campaign Field Coordinator - Check #1006,02/27/2026,$275.00,Principal Campaign Committee
Committee to Re - Elect Zachary Parker 2026,Makal,Thomas,Matthews,,6608 Hillwood Dr,Riverdale,MD,20737,Salary/Stipend,Campaign Field Coordinator - Check #1004,02/13/2026,$475.00,Principal Campaign Committee
Committee to Re - Elect Zachary Parker 2026,Mia,,Crawford,,4000 Wisconsin Ave NW,Washington,DC,20016,Salary/Stipend,Campaign Field Coordinator,02/12/2026,$275.00,Principal Campaign Committee
Committee to Re - Elect Zachary Parker 2026,,,,Quality Printers,301 Kennedy St NW,Washington,DC,20011,Campaign Materials,Campaign Yard Signs,01/22/2026,$1945.80,Principal Campaign Committee
Committee to Re - Elect Zachary Parker 2026,,,,Quickbooks,2800 E Commerce Center Place,Tuscon,AZ,85706,Computer and Web Expenses,Online Accounting software fee,02/23/2026,$20.14,Principal Campaign Committee
Committee to Re - Elect Zachary Parker 2026,,,,Quickbooks,2800 E Commerce Center Place,Tuscon,AZ,85706,Computer and Web Expenses,Quickbooks,01/26/2026,$20.14,Principal Campaign Committee
Committee to Re - Elect Zachary Parker 2026,,,,SDOT Solutions LLC,3147 Hawthorne Dr NE,Washington,DC,20017,Consultant,Campaign Management Services,02/13/2026,$1000.00,Principal Campaign Committee
Committee to Re - Elect Zachary Parker 2026,,,,SDOT Solutions LLC,3147 Hawthorne Dr NE,Washington,DC,20017,Consultant,Campaign Management Services,02/03/2026,$1500.00,Principal Campaign Committee
Committee to Re - Elect Zachary Parker 2026,,,,SDOT Solutions LLC,3147 Hawthorne Dr NE,Washington,DC,20017,Consultant,Campaign Management services - week Jan 12th,01/16/2026,$1000.00,Principal Campaign Committee
Committee to Re - Elect Zachary Parker 2026,,,,SDOT Solutions LLC,3147 Hawthorne Dr NE,Washington,DC,20017,Consultant,Campaign Management services - week Jan 5th,01/16/2026,$1000.00,Principal Campaign Committee
Committee to Re - Elect Zachary Parker 2026,Sherry,Ann,Pate,,400 Galloway St NE 247N,Washington,DC,20011,Salary/Stipend,Campaign Senior Liaison - Check #1009,02/27/2026,$100.00,Principal Campaign Committee
Committee to Re - Elect Zachary Parker 2026,Sherry,Ann,Pate,,400 Galloway St NE 247N,Washington,DC,20011,Salary/Stipend,Campaign Senior Liason - Check #1003,02/13/2026,$125.00,Principal Campaign Committee
Committee to Re - Elect Zachary Parker 2026,,,,Squarespace,225 Varick St 12th Floor,New York,NY,10014,Computer and Web Expenses,Campaign Web Domain,02/26/2026,$38.16,Principal Campaign Committee
Committee to Re - Elect Zachary Parker 2026,,,,Squarespace,225 Varick St 12th Floor,New York,NY,10014,Computer and Web Expenses,Campaign Gmail accounts,02/24/2026,$160.27,Principal Campaign Committee
Committee to Re - Elect Zachary Parker 2026,,,,Squarespace,225 Varick St 12th Floor,New York,NY,10014,Computer and Web Expenses,Website/Emails,01/29/2026,$14.36,Principal Campaign Committee
Committee to Re - Elect Zachary Parker 2026,,,,Squarespace,225 Varick St 12th Floor,New York,NY,10014,Computer and Web Expenses,Website/Emails,01/26/2026,$38.16,Principal Campaign Committee
Committee to Re - Elect Zachary Parker 2026,,,,Squarespace,225 Varick St 12th Floor,New York,NY,10014,Computer and Web Expenses,Website/Emails,01/26/2026,$142.46,Principal Campaign Committee
Committee to Re - Elect Zachary Parker 2026,,,,Squarespace,225 Varick St 12th Floor,New York,NY,10014,Computer and Web Expenses,Email Accounts,01/22/2026,$4.56,Principal Campaign Committee
Committee to Re - Elect Zachary Parker 2026,,,,Squarespace,225 Varick St 12th Floor,New York,NY,10014,Computer and Web Expenses,Domain and Website,12/15/2025,$20.00,Principal Campaign Committee
Committee to Re - Elect Zachary Parker 2026,,,,Switchboard,134 Flanders Road 2A,Westborough,MA,01581,Computer and Web Expenses,SMS Platform,01/05/2026,$803.86,Principal Campaign Committee
Committee to Re - Elect Zachary Parker 2026,Tameria,J.,Lewis,,910 Hamlin St NE,Washington,DC,20017,In-Kind,,12/07/2025,$50.00,Principal Campaign Committee
Committee to Re - Elect Zachary Parker 2026,Tomeika,,Bowden,,343 Burns St SE,Washington,DC,20019,In-Kind,In-Kind Catering,12/07/2025,$50.00,Principal Campaign Committee
Committee to Re - Elect Zachary Parker 2026,,,,UPS Store #7949,25248 Lankford Hwy,Onley,VA,23418,Campaign Materials,Campaign Posters,01/28/2026,$579.15,Principal Campaign Committee
Committee to Re - Elect Zachary Parker 2026,,,,USPS,416 Florida Ave NW,Washington,DC,20001,Postage,Stamps for Thank you letters,01/26/2026,$265.20,Principal Campaign Committee
Committee to Re - Elect Zachary Parker 2026,Vasileios,,Chatzidiakos,,801 New Jersey Ave NW Apt 651,Washington,DC,20001,Refund,,03/04/2026,$500.00,Principal Campaign Committee
Cynthia Phillips 4 DC,,,,"CounterPoint Messaging, LLC",1205 John Hood Drive,Rockvale,TN,37153,Advertising,"Campaign Launch Video creation, editing",03/02/2026,$1000.00,Principal Campaign Committee
Cynthia Phillips 4 DC,,,,New Way Strategies,47 Avonwood Rd ,Avon,CT,06001,Advertising,Campaign texting outreach setup,03/01/2026,$375.00,Principal Campaign Committee
Doug Sloan 4 DC Council,Alonzo,,Edmondson,,2336 Wisconsin Avenue NW #3-2011,Washington,DC,20007,Consultant,Petition Circulation,03/05/2026,$600.00,Principal Campaign Committee
Doug Sloan 4 DC Council,Alonzo,,Edmondson,,2336 Wisconsin Avenue NW #3-2011,Washington,DC,20007,Consultant,Petition Circulation,02/26/2026,$560.00,Principal Campaign Committee
Doug Sloan 4 DC Council,,,,Bank of America,5201 Wisconsin Avenue NW,Washington,DC,20015,Bank Fees,Bank Checkbook,02/02/2026,$161.18,Principal Campaign Committee
Doug Sloan 4 DC Council,,,,Dollar Tree,5600 Georgia Avenue NW,Washington,DC,20011,Campaign Materials,,03/05/2026,$7.95,Principal Campaign Committee
Doug Sloan 4 DC Council,,,,FedEx Office,8501 Georgia Avenue,Silver Spring,MD,20910,Printing,,03/09/2026,$111.95,Principal Campaign Committee
Doug Sloan 4 DC Council,,,,FedEx Office,8501 Georgia Avenue,Silver Spring,MD,20910,Campaign Materials,,03/02/2026,$29.90,Principal Campaign Committee
Doug Sloan 4 DC Council,Kristi,,Riggs,,460 L Street NW,Washington,DC,20001,Fund-raiser,,03/05/2026,$149.53,Principal Campaign Committee
Doug Sloan 4 DC Council,Madison,,Detherage,,6856 Eastern Avenue  #210,Washington,DC,20012,Computer and Web Expenses,Website Design and Maintenance,03/09/2026,$300.00,Principal Campaign Committee
Doug Sloan 4 DC Council,Madison,,Detherage,,6856 Eastern Avenue  #210,Washington,DC,20012,Computer and Web Expenses,Website Design and Maintenance,03/06/2026,$300.00,Principal Campaign Committee
DrMyrtle4DCMayor,,,,GoDaddy.com LLC,100 S Mill Ave - Suite 1600,Tempe,AZ,85281,Computer and Web Expenses,DrMyrtle4DCMayor - Website,01/08/2026,$190.67,Principal Campaign Committee
DrMyrtle4DCMayor,,,,GoDaddy.com LLC,100 S Mill Ave - Suite 1600,Tempe,AZ,85281,Computer and Web Expenses,"DrMyrtle4DCMayor - Domain, Full Domain Protection and Email Address",01/06/2026,$38.77,Principal Campaign Committee
DrMyrtle4DCMayor,,,,WALMART SUPERCENTER,5929 GEORGIA AVE NW,Washington,DC,20011,Campaign Materials,CLIP BOARDS,03/02/2026,$6.19,Principal Campaign Committee
DrMyrtle4DCMayor,,,,WMATA - Washington Metropolitan Area Transit Authority, 300 7th Street SW ,Washington,DC,20024,Other,,02/28/2026,$2.23,Principal Campaign Committee
Elect Yaida Ford,Amber,,Russell,,1133 15th St NW,Washington,DC,20005,Catering/Refreshments,,03/25/2026,$200.00,Principal Campaign Committee
Elect Yaida Ford,,,,Authorize.Net,2901 N Ashton Blvd,Lehi,UT,84043,Computer and Web Expenses,Online payment process fee,04/06/2026,$12.50,Principal Campaign Committee
Elect Yaida Ford,,,,Bassline Recording Studios,7506 ABBINGTON DRIVE,Oxon Hill,MD,20745,Advertising,Campaign music production,04/06/2026,$200.00,Principal Campaign Committee
Elect Yaida Ford,,,,Committee to Elect Yaida Ford,1001 L Street SE,Washington,DC,20003,Transfer,,04/10/2026,$3054.58,Principal Campaign Committee
Elect Yaida Ford,,,,CTSolutions LLC,7712 RAVINE DRIVE,Fort Washington,MD,20744,Campaign Materials,Photography and Videography,03/24/2026,$500.00,Principal Campaign Committee
Elect Yaida Ford,Dion,,Underwood,,1133 15th St NW,Washington,DC,20005,Catering/Refreshments,,03/07/2026,$250.00,Principal Campaign Committee
Elect Yaida Ford,Dominic,,Williams,,4905 Eastern LN,Suitland,MD,20746,Catering/Refreshments,,03/18/2026,$800.00,Principal Campaign Committee
Elect Yaida Ford,Dominic,,Williams,,4905 Eastern LN,Suitland,MD,20746,Catering/Refreshments,,03/16/2026,$808.00,Principal Campaign Committee
Elect Yaida Ford,,,,Fed Ex,715 D Street SE,Washington,DC,20003,Campaign Materials,,03/30/2026,$91.68,Principal Campaign Committee
Elect Yaida Ford,,,,Ford Law Pros P.C.,1001 L Street SE,Washington,DC,20003,Petty Cash,,04/10/2026,$52.35,Principal Campaign Committee
Elect Yaida Ford,,,,Ford Law Pros P.C.,1001 L Street SE,Washington,DC,20003,Salary/Stipend,Reimbursement for Payment for fundraising. ,03/20/2026,$3800.00,Principal Campaign Committee
Elect Yaida Ford,,,,Harland Clarke,15955 La Cantera Parkway,San Antonio,TX,78256,Bank Fees,Bank checks ordered,03/27/2026,$45.60,Principal Campaign Committee
Elect Yaida Ford,,,,Henny Mae Business,13050 Shadyside LN,Germantown,MD,20874,Computer and Web Expenses,Social media management,04/02/2026,$1000.00,Principal Campaign Committee
Elect Yaida Ford,,,,Henny Mae Business,13050 Shadyside LN,Germantown,MD,20874,Computer and Web Expenses,Social media management,03/23/2026,$1000.00,Principal Campaign Committee
Elect Yaida Ford,Jimmie,,Williams,,1133 15th St NW,Washington,DC,20005,Catering/Refreshments,,03/23/2026,$209.72,Principal Campaign Committee
Elect Yaida Ford,Joe,,Liehr,,1616 P Street NW,Washington,DC,20036,Rental,Equipment rental,03/16/2026,$180.00,Principal Campaign Committee
Elect Yaida Ford,Joshua,,Benjamin,,907 MINNA AVENUE,Capitol Heights,MD,20743,Advertising,Campaign music engineering,04/01/2026,$222.60,Principal Campaign Committee
Elect Yaida Ford,Keven,,Cotton,,1133 15th St NW,Washington,DC,20005,Catering/Refreshments,,03/15/2026,$206.10,Principal Campaign Committee
Elect Yaida Ford,,,,Laicez Wardrobe,28 K St SE,Washington,DC,20003,Rental,Venue rental for fundraiser,03/13/2026,$450.00,Principal Campaign Committee
Elect Yaida Ford,,,,Mailchimp,405 N Angier Ave NE,Atlanta,GA,30308,Advertising,,03/12/2026,$371.00,Principal Campaign Committee
Elect Yaida Ford,,,,META Platforms Inc,1 Meta Way,Menlo Park,CA,94025,Computer and Web Expenses,Social media verification fee,04/09/2026,$12.71,Principal Campaign Committee
Elect Yaida Ford,,,,META Platforms Inc,1 Meta Way,Menlo Park,CA,94025,Computer and Web Expenses,Social Media verification,03/09/2026,$12.71,Principal Campaign Committee
Elect Yaida Ford,,,,Minuteman Press,555 New Jersey Avenue NW,Washington,DC,20001,Printing,Printing of palm cards,03/31/2026,$450.50,Principal Campaign Committee
Elect Yaida Ford,,,,"Neon One, LLC",4545 N Ravenswood Ave,Chicago,IL,60640,Computer and Web Expenses,,04/06/2026,$229.26,Principal Campaign Committee
Elect Yaida Ford,,,,"Neon One, LLC",4545 N Ravenswood Ave,Chicago,IL,60640,Computer and Web Expenses,Online donation portal,03/06/2026,$229.26,Principal Campaign Committee
Elect Yaida Ford,,,,PNC Bank,300 Fifth Avenue,Pittsburgh,PA,15222,Bank Fees,Merchant fee,04/02/2026,$15.22,Principal Campaign Committee
Elect Yaida Ford,,,,PNC Bank,300 Fifth Avenue,Pittsburgh,PA,15222,Bank Fees,Merchant discount,04/02/2026,$66.66,Principal Campaign Committee
Elect Yaida Ford,,,,Print Political LLC,PO Box 15334,Tallahassee,FL,32317,Printing,Door hanger materials,04/09/2026,$906.00,Principal Campaign Committee
Elect Yaida Ford,,,,Prolific DC Real Estate,1001 L Street SE,Washington,DC,20003,Rental,,03/18/2026,$2000.00,Principal Campaign Committee
Elect Yaida Ford,,,,"Raise More, Inc. ",1100 PARK CENTRAL BLVD SOUTH #1400,POMPANO BEACH,FL,33064,Fund-raiser,Fundraising company,03/02/2026,$250.00,Principal Campaign Committee
Elect Yaida Ford,Shakeeda,,Ready,,1133 15th St NW,Washington,DC,20005,Catering/Refreshments,,03/07/2026,$257.55,Principal Campaign Committee
Elect Yaida Ford,,,,SJ Enterprises LLC,1717 PENNSYLVANIA AVE NW,Washington,DC,20006,Advertising,Campaign t-shirts,03/27/2026,$1050.00,Principal Campaign Committee
Elect Yaida Ford,,,,SJ Enterprises LLC,1717 PENNSYLVANIA AVE NW,Washington,DC,20006,Advertising,Campaign t-shirts,03/26/2026,$1000.00,Principal Campaign Committee
Elect Yaida Ford,,,,Stellar Life Photography,3127 WHEATON WAY,Ellicott City,MD,21043,Campaign Materials,Photographic Services,03/11/2026,$500.00,Principal Campaign Committee
Elect Yaida Ford,,,,Switchboard,PO Box 33485,Washington,DC,20032,Computer and Web Expenses,Online Payment Processor Fees,04/10/2026,$71.93,Principal Campaign Committee
Elect Yaida Ford,,,,The Sound Factory,3235 75th Ave #302,Landover,MD,20785,Fund-raiser,Music Entertainment,03/12/2026,$684.37,Principal Campaign Committee
Elect Yaida Ford,Tiawana,,Holman,,3234 13th St SE,Washington,DC,20032,Catering/Refreshments,,03/07/2026,$425.00,Principal Campaign Committee
Elect Yaida Ford,Tiawana,,Holman,,3234 13th St SE,Washington,DC,20032,Catering/Refreshments,,03/06/2026,$60.00,Principal Campaign Committee
Elect Yaida Ford,Tiawana,,Holman,,3234 13th St SE,Washington,DC,20032,Catering/Refreshments,,03/04/2026,$425.00,Principal Campaign Committee
Elect Yaida Ford,Travon,,Hawkins,,4628 Livingston Road SE # 103,Washington,DC,20032,Salary/Stipend,Signature collection and canvassing,04/06/2026,$234.00,Principal Campaign Committee
Elect Yaida Ford,Travon,,Hawkins,,4628 Livingston Road SE # 103,Washington,DC,20032,Salary/Stipend,Signature collection and canvassing,04/01/2026,$290.00,Principal Campaign Committee
Elect Yaida Ford,Travon,,Hawkins,,4628 Livingston Road SE # 103,Washington,DC,20032,Salary/Stipend,Signature collection,03/26/2026,$60.00,Principal Campaign Committee
Elect Yaida Ford,Travon,,Hawkins,,4628 Livingston Road SE # 103,Washington,DC,20032,Salary/Stipend,Signature collection,03/18/2026,$192.00,Principal Campaign Committee
Elect Yaida Ford,Vondre,,Walston,,800 Southern Avenue #906,Washington,DC,20032,Salary/Stipend,Signature collection,03/18/2026,$1440.00,Principal Campaign Committee
Fred Hill 4 DC Council,,,,87 Frames,9770 Frankfurt Dr,Waldorf,MD,20603,Computer and Web Expenses,Photos,02/05/2026,$750.00,Principal Campaign Committee
Fred Hill 4 DC Council,,,,ActBlue Technical Services,PO Box 962017,Boston,MA,02196,Bank Fees,Contribution Fees,03/08/2026,$24.10,Principal Campaign Committee
Fred Hill 4 DC Council,,,,ActBlue Technical Services,PO Box 962017,Boston,MA,02196,Bank Fees,Contribution Fees,03/01/2026,$43.45,Principal Campaign Committee
Fred Hill 4 DC Council,,,,ActBlue Technical Services,PO Box 962017,Boston,MA,02196,Bank Fees,Contribution Fees,02/22/2026,$19.75,Principal Campaign Committee
Fred Hill 4 DC Council,,,,ActBlue Technical Services,PO Box 962017,Boston,MA,02196,Bank Fees,Contribution Fees,02/15/2026,$136.30,Principal Campaign Committee
Fred Hill 4 DC Council,,,,ActBlue Technical Services,PO Box 962017,Boston,MA,02196,Bank Fees,Contribution Fees,02/08/2026,$227.99,Principal Campaign Committee
Fred Hill 4 DC Council,,,,ActBlue Technical Services,PO Box 962017,Boston,MA,02196,Bank Fees,Contribution Fees,02/01/2026,$98.75,Principal Campaign Committee
Fred Hill 4 DC Council,,,,ActBlue Technical Services,PO Box 962017,Boston,MA,02196,Bank Fees,Contribution Fees,01/31/2026,$1100.95,Principal Campaign Committee
Fred Hill 4 DC Council,Colin,,Kimpel,,6201 Walhonding Rd,Bethesda,MD,20816,Refund,,02/04/2026,$1000.00,Principal Campaign Committee
Fred Hill 4 DC Council,Ervin,Bernard,Reid,,4821 Harcourt Road,Upper Marlboro,MD,20005,Consultant,Campaign Field Manager,03/06/2026,$2500.00,Principal Campaign Committee
Fred Hill 4 DC Council,Leila,,Cote,,105 Sky Dome Drive,Moneta,VA,24121,Consultant,Campaign Coordinator,02/05/2026,$1750.00,Principal Campaign Committee
Fred Hill 4 DC Council,Peter,,Shapiro,,3915 Aspen St,Chevy Chase,MD,20815,Consultant,Policy & Fundraising,03/06/2026,$1000.00,Principal Campaign Committee
Fred Hill 4 DC Council,,,,Pigeonwire LLC,106 Taper Dr,McMurray,PA,15317,Computer and Web Expenses,Website Development,02/09/2026,$850.00,Principal Campaign Committee
Fred Hill 4 DC Council,,,,Print Depot,7941 Central Ave,Capital Heights,MD,20743,Campaign Materials,"Stickers, shirts, beanies, caps",02/09/2026,$4017.40,Principal Campaign Committee
Fred Hill 4 DC Council,,,,The Campaign Workshop,5614 Connecticut Ave NW Ste 290,Washington,DC,20015,Campaign Materials,Walking Cards,02/09/2026,$5060.00,Principal Campaign Committee
Fred Hill 4 DC Council,,,,Tyson's Creations LLC,2800 10th St NE,Washington,DC,20017,Catering/Refreshments,Campaign kickoff event,02/04/2026,$2502.24,Principal Campaign Committee
Fredericks for Chairman,,,,Disruptor Radio,317 Wildlife Terrace,Richmond,VA,23320,Advertising,,02/09/2026,$100.00,Principal Campaign Committee
Fredericks for Chairman,,,,Mission Dupont,1606 20th St NW,Washington,DC,20009,Catering/Refreshments,Deposit for event scheduled for March 16,03/03/2026,$1208.35,Principal Campaign Committee
Fredericks for Chairman,,,,Truist Bank,1445 New York Ave NW,Washington,DC,20005,Bank Fees,Purchase of business checks,02/05/2026,$80.17,Principal Campaign Committee
Fredericks for Chairman,,,,WinRed Technical Services LLC,1776 Wilson Blvd Suite 530,Arlington,VA,22219,Fund-raiser,,03/08/2026,$60.10,Principal Campaign Committee
Free DC Slate,,,,ActBlue Technical Services,PO Box 962017,Boston,MA,02196,Fund-raiser,,03/08/2026,$11.31,Principal Campaign Committee
Free DC Slate,,,,ActBlue Technical Services,PO Box 962017,Boston,MA,02196,Fund-raiser,,03/01/2026,$3.27,Principal Campaign Committee
Free DC Slate,,,,ActBlue Technical Services,PO Box 962017,Boston,MA,02196,Fund-raiser,,02/22/2026,$.99,Principal Campaign Committee
Free DC Slate,,,,ActBlue Technical Services,PO Box 962017,Boston,MA,02196,Fund-raiser,,02/15/2026,$33.71,Principal Campaign Committee
Free DC Slate,,,,ActBlue Technical Services,PO Box 962017,Boston,MA,02196,Fund-raiser,,02/08/2026,$44.96,Principal Campaign Committee
Free DC Slate,,,,ActBlue Technical Services,PO Box 962017,Boston,MA,02196,Fund-raiser,,02/01/2026,$166.82,Principal Campaign Committee
Free DC Slate,,,,ActBlue Technical Services,PO Box 962017,Boston,MA,02196,Fund-raiser,,01/25/2026,$84.02,Principal Campaign Committee
Free DC Slate,,,,ActBlue Technical Services,PO Box 962017,Boston,MA,02196,Fund-raiser,,01/18/2026,$61.23,Principal Campaign Committee
Free DC Slate,,,,Quality Printers,301 Kennedy St NW,Washington,DC,20011,Printing,,02/24/2026,$638.73,Principal Campaign Committee
Free DC Slate,Sam,,Bonar,,1501 Farragut St NW,Washington,DC,20011,Computer and Web Expenses,Website Domain,01/12/2026,$19.19,Principal Campaign Committee
Graham for City Council,,,,ActBlue,PO Box 441146,Somerville,MA,02144,Fund-raiser,ActBlue Service Fees,02/08/2026,$11.24,Principal Campaign Committee
Graham for City Council,,,,ActBlue,PO Box 441146,Somerville,MA,02144,Fund-raiser,ActBlue Service Fees,02/01/2026,$.93,Principal Campaign Committee
Graham for City Council,,,,TD Bank,2857 Alabama Ave SE,Washington,DC,20020,Bank Fees,,03/24/2026,$11.00,Principal Campaign Committee
Mendelson for Chairman 2026,,,,Act Blue,366 Summer Street,Somerville,MA,02144,Bank Fees,Processing fees for credit card contributions,03/10/2026,$962.93,Principal Campaign Committee
Mendelson for Chairman 2026,,,,Act Blue,366 Summer Street,Somerville,MA,02144,Bank Fees,Act Blue Processing Fees,01/31/2026,$284.01,Principal Campaign Committee
Mendelson for Chairman 2026,Alana,,Boisvert,,1815 17th St NW #208,Washington,DC,20009,Consultant,,03/06/2026,$3000.00,Principal Campaign Committee
Mendelson for Chairman 2026,Alana,,Boisvert,,1815 17th St NW #208,Washington,DC,20009,Consultant,,02/18/2026,$1500.00,Principal Campaign Committee
Mendelson for Chairman 2026,,,,Industrial Bank,2000 11th St NW,Washington,DC,20001,Bank Fees,,02/28/2026,$.30,Principal Campaign Committee
Mendelson for Chairman 2026,,,,Industrial Bank,2000 11th St NW,Washington,DC,20001,Bank Fees,,02/28/2026,$2.00,Principal Campaign Committee
Mendelson for Chairman 2026,,,,Industrial Bank,2000 11th St NW,Washington,DC,20001,Bank Fees,,02/01/2026,$.50,Principal Campaign Committee
Mendelson for Chairman 2026,,,,Industrial Bank,2000 11th St NW,Washington,DC,20001,Bank Fees,,02/01/2026,$2.00,Principal Campaign Committee
"Murphy for Ward 6 DC, Inc.",,,,"ActBlue, LLC",PO Box 441446,Somerville,MA,02144,Bank Fees,,03/08/2026,$8.75,Principal Campaign Committee
"Murphy for Ward 6 DC, Inc.",,,,"ActBlue, LLC",PO Box 441446,Somerville,MA,02144,Bank Fees,,03/01/2026,$52.50,Principal Campaign Committee
"Murphy for Ward 6 DC, Inc.",,,,"ActBlue, LLC",PO Box 441446,Somerville,MA,02144,Bank Fees,,02/26/2026,$28.00,Principal Campaign Committee
"Murphy for Ward 6 DC, Inc.",,,,"ActBlue, LLC",PO Box 441446,Somerville,MA,02144,Bank Fees,,02/15/2026,$3.50,Principal Campaign Committee
"Murphy for Ward 6 DC, Inc.",,,,"ActBlue, LLC",PO Box 441446,Somerville,MA,02144,Bank Fees,,02/08/2026,$3.50,Principal Campaign Committee
"Murphy for Ward 6 DC, Inc.",,,,"ActBlue, LLC",PO Box 441446,Somerville,MA,02144,Bank Fees,,02/01/2026,$.88,Principal Campaign Committee
"Murphy for Ward 6 DC, Inc.",,,,"ActBlue, LLC",PO Box 441446,Somerville,MA,02144,Bank Fees,,01/25/2026,$38.50,Principal Campaign Committee
"Murphy for Ward 6 DC, Inc.",,,,"ActBlue, LLC",PO Box 441446,Somerville,MA,02114,Bank Fees,Payout via Direct Deposit,01/18/2026,$21.00,Principal Campaign Committee
"Murphy for Ward 6 DC, Inc.",,,,"ActBlue, LLC",PO Box 441446,Somerville,MA,02114,Bank Fees,Payout via Direct Deposit,01/11/2026,$56.00,Principal Campaign Committee
"Murphy for Ward 6 DC, Inc.",,,,"ActBlue, LLC",PO Box 441446,Somerville,MA,02114,Bank Fees,Payout via Direct Deposit,12/21/2025,$19.25,Principal Campaign Committee
"Murphy for Ward 6 DC, Inc.",,,,"ActBlue, LLC",PO Box 441446,Somerville,MA,02114,Bank Fees,Payout via Direct Deposit,12/14/2025,$3.50,Principal Campaign Committee
"Murphy for Ward 6 DC, Inc.",,,,"ActBlue, LLC",PO Box 441446,Somerville,MA,02144,Bank Fees,12/7/2025 Payout (Check),12/07/2025,$63.89,Principal Campaign Committee
"Murphy for Ward 6 DC, Inc.",Bill,,Nettles,,201 Wateree Ave,Columbia,SC,29205,Refund,,03/04/2026,$500.00,Principal Campaign Committee
"Murphy for Ward 6 DC, Inc.",,,,Lumina Strategies (Alicia Mercedes),828 18th Street NE,Washington,DC,20002,Consultant,Lumina March 2026,03/02/2026,$3500.00,Principal Campaign Committee
"Murphy for Ward 6 DC, Inc.",,,,Lumina Strategies (Alicia Mercedes),828 18th Street NE,Washington,DC,20002,Consultant,February 2026,02/03/2026,$3500.00,Principal Campaign Committee
"Murphy for Ward 6 DC, Inc.",,,,Lumina Strategies (Alicia Mercedes),828 18th Street NE,Washington,DC,20002,Consultant,For period covering January 2026,12/30/2025,$3500.00,Principal Campaign Committee
"Murphy for Ward 6 DC, Inc.",,,,Lumina Strategies (Alicia Mercedes),828 18th Street NE,Washington,DC,20002,Consultant,December,12/03/2025,$3500.00,Principal Campaign Committee
"Murphy for Ward 6 DC, Inc.",,,,Lumina Strategies (Alicia Mercedes),828 18th Street NE,Washington,DC,20002,Consultant,November,10/31/2025,$3500.00,Principal Campaign Committee
"Murphy for Ward 6 DC, Inc.",Michael,,Murphy,,322 E Street NE,Washington,DC,20002,Computer and Web Expenses,Reimburse Slack for 11/9/25 ($9.28) and 12/9/25 ($9.28).,12/09/2025,$18.56,Principal Campaign Committee
"Murphy for Ward 6 DC, Inc.",,,,Truist,360 H Street NE,Washington,DC,20002,Bank Fees,Check Issuing Fee for Lumina March 2026 ($3510),03/02/2026,$10.00,Principal Campaign Committee
"Murphy for Ward 6 DC, Inc.",,,,Truist,360 H Street NE,Washington,DC,20002,Bank Fees,Check Issuing Fee for Lumina February 2026 ($3510),02/03/2026,$10.00,Principal Campaign Committee
"Murphy for Ward 6 DC, Inc.",,,,Truist,360 H Street NE,Washington,DC,20002,Bank Fees,MLM Slack Reimbursement Check Fee,12/09/2025,$10.00,Principal Campaign Committee
Nadeem Adam Khan for Mayor 2026 — Adamant About Making a Better DC for All ,,,,GoDaddy LLC,100 South Mill Ave Suite 1600,Tempe,AZ,85281,Computer and Web Expenses,web domain registration,02/07/2026,$17.78,Principal Campaign Committee
Nadeem Adam Khan for Mayor 2026 — Adamant About Making a Better DC for All ,,,,Hostinger LLC ,2915 Ogletown Rd,Delaware,DE,19713,Computer and Web Expenses,Website hosting ,02/09/2026,$85.27,Principal Campaign Committee
Nadeem Adam Khan for Mayor 2026 — Adamant About Making a Better DC for All ,,,,Print With Me,1556 W Carroll Ave,Chicago,IL,60607,Printing,,03/01/2026,$17.72,Principal Campaign Committee
Orange for Mayor 2026,DERRELL ,,SIMPSON,,2800 JASPER STREET SE,Washington,DC,20032,Consultant,,03/06/2026,$630.00,Principal Campaign Committee
Orange for Mayor 2026,DERRELL ,,SIMPSON,,2800 JASPER STREET SE,Washington,DC,20032,Consultant,,03/03/2026,$900.00,Principal Campaign Committee
Orange for Mayor 2026,,,,UNIVERSAL MEDIA LTD,2828 OAKWOOD CREEK WAY,ESCONDIDO,CA,92027,Consultant,,02/23/2026,$1525.00,Principal Campaign Committee
Paul Strauss Committee 2026,,,,ActBlue Technical Services,PO Box 962017,Boston,MA,02196,Bank Fees,,03/09/2026,$71.49,Principal Campaign Committee
Paul Strauss Committee 2026,,,,ActBlue Technical Services,PO Box 962017,Boston,MA,02196,Advertising,,03/02/2026,$521.45,Principal Campaign Committee
Paul Strauss Committee 2026,,,,ActBlue Technical Services,PO Box 962017,Boston,MA,02196,Bank Fees,,02/23/2026,$106.13,Principal Campaign Committee
Paul Strauss Committee 2026,,,,ActBlue Technical Services,PO Box 962017,Boston,MA,02196,Bank Fees,,02/16/2026,$64.04,Principal Campaign Committee
Paul Strauss Committee 2026,,,,ActBlue Technical Services,PO Box 962017,Boston,MA,02196,Bank Fees,,02/11/2026,$105.24,Principal Campaign Committee
ReganForWashingtonDC,,,,DE Global One Inc,641 S Street NW,Washington,DC,20001,Computer and Web Expenses,,01/02/2026,$260.00,Principal Campaign Committee
Robert L Gross,Robert,L,Gross,,601 Edgewood Street Northeast,Washington,DC,20017,Campaign Materials,,11/25/2025,$130.00,Principal Campaign Committee
The Committee to Elect Rhonda Hamilton 4 DC Mayor,,,,360 Online Print,3500 South Dupont Highway,Dover,DE,19901,Campaign Materials,,10/29/2025,$11.75,Principal Campaign Committee
The Committee to Elect Rhonda Hamilton 4 DC Mayor,,,,360 Online Print,3500 South Dupont Highway,Dover,DE,19901,Campaign Materials,,10/27/2025,$125.86,Principal Campaign Committee
The Committee to Elect Rhonda Hamilton 4 DC Mayor,,,,Airo Digital,1724 South Sergeant Ave,Joplin,MO,64804-0575,Computer and Web Expenses,,10/16/2025,$680.00,Principal Campaign Committee
The Committee to Elect Rhonda Hamilton 4 DC Mayor,,,,Dollar Tree,4019 Branch Ave,Temple Hills,MD,20748,Supplies,,02/02/2026,$134.70,Principal Campaign Committee
The Committee to Elect Rhonda Hamilton 4 DC Mayor,,,,Eddie Leonard's,7122 Temple Hills Rd,Temple Hills,MD,20748,Catering/Refreshments,,02/09/2026,$184.55,Principal Campaign Committee
The Committee to Elect Rhonda Hamilton 4 DC Mayor,,,,Family Dollar,7059 Allentown Road,Temple Hills,MD,20748,Supplies,,02/09/2026,$61.11,Principal Campaign Committee
The Committee to Elect Rhonda Hamilton 4 DC Mayor,,,,Giant Food ,7074 Allentown Rd,Camp Springs,MD,20748,Catering/Refreshments,,02/09/2026,$57.35,Principal Campaign Committee
The Committee to Elect Rhonda Hamilton 4 DC Mayor,,,,Giant Food ,4119 Branch Ave,Marlow Heights,MD,20748,Catering/Refreshments,,02/02/2026,$63.65,Principal Campaign Committee
The Committee to Elect Rhonda Hamilton 4 DC Mayor,,,,Go Daddy,100 S Mill Ave Suite 1600 ,Tempe,AZ,85281,Computer and Web Expenses,,12/07/2025,$24.18,Principal Campaign Committee
The Committee to Elect Rhonda Hamilton 4 DC Mayor,,,,Hip Hop Fish & Chicken,7600 Old Branch Ave,Clinton,MD,20735,Catering/Refreshments,,02/09/2026,$169.58,Principal Campaign Committee
The Committee to Elect Rhonda Hamilton 4 DC Mayor,,,,ILM Transportation LLC,1629 K St NW Suite 300,Washington,DC,20006,Campaign Materials,,01/12/2026,$40.00,Principal Campaign Committee
The Committee to Elect Rhonda Hamilton 4 DC Mayor,,,,Its All Love Printing,415 H St NE,Washington,DC,20002,Campaign Materials,,02/05/2026,$160.00,Principal Campaign Committee
The Committee to Elect Rhonda Hamilton 4 DC Mayor,,,,Its All Love Printing,415 H St NE,Washington,DC,20002,Campaign Materials,Sweat Hoodies,01/20/2026,$143.00,Principal Campaign Committee
The Committee to Elect Rhonda Hamilton 4 DC Mayor,Julante,,Shoatz,,4714 Woodcrest Court,Suitland,MD,20746,Fund-raiser,DJ/Entertainment,02/07/2026,$200.00,Principal Campaign Committee
The Committee to Elect Rhonda Hamilton 4 DC Mayor,,,,Lux DC Bar & Lounge,3001 Georgia Ave NW,Washington,DC,20001,In-Kind,Campaign Fundraiser Event,02/07/2026,$1000.00,Principal Campaign Committee
The Committee to Elect Rhonda Hamilton 4 DC Mayor,,,,Lyft,185 Berry St,San Francisco,CA,94107,Travel,,03/04/2026,$24.90,Principal Campaign Committee
The Committee to Elect Rhonda Hamilton 4 DC Mayor,,,,Lyft,185 Berry St,San Francisco,CA,94107,Travel,,02/27/2026,$28.14,Principal Campaign Committee
The Committee to Elect Rhonda Hamilton 4 DC Mayor,,,,Lyft,185 Berry St,San Francisco,CA,94107,Travel,,02/20/2026,$11.96,Principal Campaign Committee
The Committee to Elect Rhonda Hamilton 4 DC Mayor,,,,Lyft,185 Berry St,San Francisco,CA,94107,Travel,,02/19/2026,$10.99,Principal Campaign Committee
The Committee to Elect Rhonda Hamilton 4 DC Mayor,,,,Lyft,185 Berry St,San Francisco,CA,94107,Travel,,02/17/2026,$43.03,Principal Campaign Committee
The Committee to Elect Rhonda Hamilton 4 DC Mayor,,,,Lyft,185 Berry St,San Francisco,CA,94107,Travel,,02/13/2026,$35.90,Principal Campaign Committee
The Committee to Elect Rhonda Hamilton 4 DC Mayor,,,,Lyft,185 Berry St,San Francisco,CA,94107,Travel,,02/12/2026,$18.97,Principal Campaign Committee
The Committee to Elect Rhonda Hamilton 4 DC Mayor,,,,Lyft,185 Berry St,San Francisco,CA,94107,Travel,,02/11/2026,$23.99,Principal Campaign Committee
The Committee to Elect Rhonda Hamilton 4 DC Mayor,,,,Lyft,185 Berry St,San Francisco,CA,94107,Travel,,02/10/2026,$62.13,Principal Campaign Committee
The Committee to Elect Rhonda Hamilton 4 DC Mayor,,,,Lyft,185 Berry St,San Francisco,CA,94107,Travel,,02/09/2026,$33.63,Principal Campaign Committee
The Committee to Elect Rhonda Hamilton 4 DC Mayor,,,,Lyft,185 Berry St,San Francisco,CA,94107,Travel,,02/05/2026,$29.96,Principal Campaign Committee
The Committee to Elect Rhonda Hamilton 4 DC Mayor,,,,Lyft,185 Berry St,San Francisco,CA,94107,Travel,,02/02/2026,$28.36,Principal Campaign Committee
The Committee to Elect Rhonda Hamilton 4 DC Mayor,,,,Lyft,185 Berry St,San Francisco,CA,94107,Travel,,02/02/2026,$17.92,Principal Campaign Committee
The Committee to Elect Rhonda Hamilton 4 DC Mayor,,,,Lyft,185 Berry St,San Francisco,CA,94107,Travel,,02/02/2026,$15.50,Principal Campaign Committee
The Committee to Elect Rhonda Hamilton 4 DC Mayor,,,,Lyft,185 Berry St,San Francisco,CA,94107,Travel,,01/23/2026,$73.34,Principal Campaign Committee
The Committee to Elect Rhonda Hamilton 4 DC Mayor,,,,Lyft,185 Berry St,San Francisco,CA,94107,Travel,,01/21/2026,$57.13,Principal Campaign Committee
The Committee to Elect Rhonda Hamilton 4 DC Mayor,,,,Lyft,185 Berry St,San Francisco,CA,94107,Travel,,01/20/2026,$40.26,Principal Campaign Committee
The Committee to Elect Rhonda Hamilton 4 DC Mayor,,,,Lyft,185 Berry St,San Francisco,CA,94107,Travel,,01/14/2026,$8.97,Principal Campaign Committee
The Committee to Elect Rhonda Hamilton 4 DC Mayor,,,,Lyft,185 Berry St,San Francisco,CA,94107,Travel,,01/13/2026,$10.96,Principal Campaign Committee
The Committee to Elect Rhonda Hamilton 4 DC Mayor,,,,Lyft,185 Berry St,San Francisco,CA,94107,Travel,,01/12/2026,$14.94,Principal Campaign Committee
The Committee to Elect Rhonda Hamilton 4 DC Mayor,,,,Lyft,185 Berry St,San Francisco,CA,94107,Travel,,01/12/2026,$17.93,Principal Campaign Committee
The Committee to Elect Rhonda Hamilton 4 DC Mayor,,,,Lyft,185 Berry St,San Francisco,CA,94107,Travel,,01/05/2026,$6.98,Principal Campaign Committee
The Committee to Elect Rhonda Hamilton 4 DC Mayor,,,,Lyft,185 Berry St,San Francisco,CA,94107,Travel,,12/31/2025,$18.82,Principal Campaign Committee
The Committee to Elect Rhonda Hamilton 4 DC Mayor,,,,Lyft,185 Berry St,San Francisco,CA,94107,Travel,,12/23/2025,$11.96,Principal Campaign Committee
The Committee to Elect Rhonda Hamilton 4 DC Mayor,,,,Lyft,185 Berry St,San Francisco,CA,94107,Travel,,12/22/2025,$16.99,Principal Campaign Committee
The Committee to Elect Rhonda Hamilton 4 DC Mayor,,,,Lyft,185 Berry St,San Francisco,CA,94107,Travel,,12/17/2025,$16.94,Principal Campaign Committee
The Committee to Elect Rhonda Hamilton 4 DC Mayor,,,,Lyft,185 Berry St,San Francisco,CA,94107,Travel,,12/17/2025,$12.97,Principal Campaign Committee
The Committee to Elect Rhonda Hamilton 4 DC Mayor,,,,Lyft,185 Berry St,San Francisco,CA,94107,Travel,,12/16/2025,$14.98,Principal Campaign Committee
The Committee to Elect Rhonda Hamilton 4 DC Mayor,,,,Lyft,185 Berry St,San Francisco,CA,94107,Travel,,12/05/2025,$12.95,Principal Campaign Committee
The Committee to Elect Rhonda Hamilton 4 DC Mayor,,,,Lyft,185 Berry St,San Francisco,CA,94107,Travel,,11/22/2025,$12.73,Principal Campaign Committee
The Committee to Elect Rhonda Hamilton 4 DC Mayor,,,,Lyft,185 Berry St,San Francisco,CA,94107,Travel,,11/21/2025,$15.99,Principal Campaign Committee
The Committee to Elect Rhonda Hamilton 4 DC Mayor,,,,Lyft,185 Berry St,San Francisco,CA,94107,Travel,,11/15/2025,$12.96,Principal Campaign Committee
The Committee to Elect Rhonda Hamilton 4 DC Mayor,,,,Lyft,185 Berry St,San Francisco,CA,94107,Travel,,11/12/2025,$10.78,Principal Campaign Committee
The Committee to Elect Rhonda Hamilton 4 DC Mayor,,,,Lyft,185 Berry St,San Francisco,CA,94107,Travel,,10/22/2025,$40.68,Principal Campaign Committee
The Committee to Elect Rhonda Hamilton 4 DC Mayor,,,,Lyft,185 Berry St,San Francisco,CA,94107,Travel,,10/18/2025,$28.99,Principal Campaign Committee
The Committee to Elect Rhonda Hamilton 4 DC Mayor,,,,Lyft,185 Berry St,San Francisco,CA,94107,Travel,,10/13/2025,$27.67,Principal Campaign Committee
The Committee to Elect Rhonda Hamilton 4 DC Mayor,,,,Lyft,185 Berry St,San Francisco,CA,94107,Travel,,08/15/2025,$9.91,Principal Campaign Committee
The Committee to Elect Rhonda Hamilton 4 DC Mayor,,,,Lyft,185 Berry St,San Francisco,CA,94107,Travel,,08/14/2025,$26.73,Principal Campaign Committee
The Committee to Elect Rhonda Hamilton 4 DC Mayor,,,,Lyft,185 Berry St,San Francisco,CA,94107,Travel,,08/07/2025,$44.46,Principal Campaign Committee
The Committee to Elect Rhonda Hamilton 4 DC Mayor,,,,Lyft,185 Berry St,San Francisco,CA,94107,Travel,,08/06/2025,$22.68,Principal Campaign Committee
The Committee to Elect Rhonda Hamilton 4 DC Mayor,,,,Lyft,185 Berry St,San Francisco,CA,94107,Travel,,08/03/2025,$18.97,Principal Campaign Committee
The Committee to Elect Rhonda Hamilton 4 DC Mayor,,,,Lyft,185 Berry St,San Francisco,CA,94107,Travel,,08/02/2025,$32.82,Principal Campaign Committee
The Committee to Elect Rhonda Hamilton 4 DC Mayor,Marc ,,Rutledge,,1828 Q Street SE Apt B3,Washington,DC,20020,Consultant,,02/03/2026,$75.00,Principal Campaign Committee
The Committee to Elect Rhonda Hamilton 4 DC Mayor,,,,Panda Cafe,4532 St Barnabas Rd,Temple Hills,MD,20748,Catering/Refreshments,,02/09/2026,$143.19,Principal Campaign Committee
The Committee to Elect Rhonda Hamilton 4 DC Mayor,,,,Print Runner,8000 Haskell Ave,Van Nuys,CA,91406,Campaign Materials,,01/29/2026,$273.69,Principal Campaign Committee
The Committee to Elect Rhonda Hamilton 4 DC Mayor,,,,Print Runner,8000 Haskell Ave,Van Nuys,CA,91406,Campaign Materials,,12/29/2025,$268.33,Principal Campaign Committee
The Committee to Elect Rhonda Hamilton 4 DC Mayor,,,,Print Runner,8000 Haskell Ave,Van Nuys,CA,91406,Campaign Materials,,12/15/2025,$174.02,Principal Campaign Committee
The Committee to Elect Rhonda Hamilton 4 DC Mayor,,,,Print Runner,8000 Haskell Ave,Van Nuys,CA,91406,Campaign Materials,,10/27/2025,$174.02,Principal Campaign Committee
The Committee to Elect Rhonda Hamilton 4 DC Mayor,,,,Print Runner,8000 Haskell Ave,Van Nuys,CA,91406,Campaign Materials,,10/03/2025,$174.02,Principal Campaign Committee
The Committee to Elect Rhonda Hamilton 4 DC Mayor,,,,Shoppers Food Warehouse,6300 Coventry Way,Clinton,MD,20735,Catering/Refreshments,,02/17/2026,$56.50,Principal Campaign Committee
The Committee to Elect Rhonda Hamilton 4 DC Mayor,,,,Staples,500 Staples Drive,Farmington,ME,01702,Printing,,10/15/2025,$400.00,Principal Campaign Committee
The Committee to Elect Rhonda Hamilton 4 DC Mayor,,,,Staples,500 Staples Drive,Farmington,ME,01702,Supplies,,10/15/2025,$193.32,Principal Campaign Committee
The Committee to Elect Rhonda Hamilton 4 DC Mayor,,,,TMobile,PO Box 742596,Cincinnati,OH,45274-2596,Phone Bill,,03/02/2026,$175.00,Principal Campaign Committee
The Committee to Elect Rhonda Hamilton 4 DC Mayor,,,,TMobile,PO Box 742596,Cincinnati,OH,45274-2596,Phone Bill,,02/03/2026,$149.59,Principal Campaign Committee
The Committee to Elect Rhonda Hamilton 4 DC Mayor,,,,TMobile,PO Box 742596,Cincinnati,OH,45274-2596,Phone Bill,,12/02/2025,$113.55,Principal Campaign Committee
The Committee to Elect Rhonda Hamilton 4 DC Mayor,,,,TMobile,PO Box 742596,Cincinnati,OH,45274-2596,Phone Bill,,11/15/2025,$123.39,Principal Campaign Committee
The Committee to Elect Rhonda Hamilton 4 DC Mayor,,,,United Bank,250 M Street SE,Washington,DC,20003,Bank Fees,,12/18/2025,$72.00,Principal Campaign Committee
The Committee to Elect Rhonda Hamilton 4 DC Mayor,,,,United Bank,250 M Street SE,Washington,DC,20003,Bank Fees,,12/17/2025,$36.00,Principal Campaign Committee
The Committee to Elect Rhonda Hamilton 4 DC Mayor,,,,United States Postal Service,475 LEnfant Plaza SW,Washington,DC,20260-2200,Rental,,12/16/2025,$71.00,Principal Campaign Committee
The Committee to Elect Rhonda Hamilton 4 DC Mayor,,,,United States Postal Service,475 LEnfant Plaza SW,Washington,DC,20260-2200,Postage,,10/07/2025,$71.00,Principal Campaign Committee
The Committee to Elect Rhonda Hamilton 4 DC Mayor,,,,WMATA,300 7th St SW,Washington,DC,20024,Travel,,03/02/2026,$10.00,Principal Campaign Committee
The Committee to Elect Rhonda Hamilton 4 DC Mayor,,,,WMATA,300 7th St SW,Washington,DC,20024,Travel,,02/02/2026,$10.00,Principal Campaign Committee
The Committee to Elect Rhonda Hamilton 4 DC Mayor,,,,WMATA,300 7th St SW,Washington,DC,20024,Travel,,01/15/2026,$10.00,Principal Campaign Committee
The Committee to Elect Rhonda Hamilton 4 DC Mayor,,,,WMATA,300 7th St SW,Washington,DC,20024,Travel,,12/05/2025,$10.00,Principal Campaign Committee
The Committee to Elect Rhonda Hamilton 4 DC Mayor,,,,WMATA,300 7th St SW,Washington,DC,20024,Travel,,10/21/2025,$10.00,Principal Campaign Committee
Bike Walk and Bus PAC,Jeremiah,,Lowery,,3828 Georgia Ave NW Apt 629,Washington,DC,20011,Computer and Web Expenses,Mailer,03/04/2026,$15.90,Political Action Committee
Bike Walk and Bus PAC,Jeremiah,,Lowery,,3828 Georgia Ave NW Apt 629,Washington,DC,20011,Computer and Web Expenses,Zoom Subscription,02/10/2026,$18.01,Political Action Committee
Bike Walk and Bus PAC,Jeremiah,,Lowery,,3828 Georgia Ave NW Apt 629,Washington,DC,20011,Computer and Web Expenses,analysis activity,01/29/2026,$14.00,Political Action Committee
Bike Walk and Bus PAC,Jeremiah,,Lowery,,3828 Georgia Ave NW Apt 629,Washington,DC,20011,Computer and Web Expenses,webinar,01/22/2026,$94.34,Political Action Committee
Bike Walk and Bus PAC,Jeremiah,,Lowery,,3828 Georgia Ave NW Apt 629,Washington,DC,20011,Catering/Refreshments,water,01/15/2026,$14.97,Political Action Committee
Bike Walk and Bus PAC,Jeremiah,,Lowery,,3828 Georgia Ave NW Apt 629,Washington,DC,20011,Campaign Materials,shirts,01/07/2026,$91.04,Political Action Committee
Bike Walk and Bus PAC,Jeremiah,,Lowery,,3828 Georgia Ave NW Apt 629,Washington,DC,20011,Computer and Web Expenses,analysis activity,12/30/2025,$14.00,Political Action Committee
Bike Walk and Bus PAC,Jeremiah,,Lowery,,3828 Georgia Ave NW Apt 629,Washington,DC,20011,Supplies,through Zelle,12/15/2025,$56.02,Political Action Committee
Bike Walk and Bus PAC,Jeremiah,,Lowery,,3828 Georgia Ave NW Apt 629,Washington,DC,20011,Computer and Web Expenses,zoom,12/11/2025,$18.01,Political Action Committee
Bike Walk and Bus PAC,Jeremiah,,Lowery,,3828 Georgia Ave NW Apt 629,Washington,DC,20011,Campaign Materials,zoom subscription,11/12/2025,$18.09,Political Action Committee
Bike Walk and Bus PAC,Jeremiah,,Lowery,,3828 Georgia Ave NW Apt 629,Washington,DC,20011,Utility,Zoom subscription,10/01/2025,$16.99,Political Action Committee
Bike Walk and Bus PAC,Jeremiah,,Lowry,,3828 Georgia Ave,Washington,DC,20005,Catering/Refreshments,,11/01/2025,$47.50,Political Action Committee
Bike Walk and Bus PAC,Jeremiah,,Lowry,,3828 Georgia Ave,Washington,DC,20005,Equipment Purchases,,08/03/2025,$85.83,Political Action Committee
Homes Not Stadiums,,,,,366 Summer St ,Somerville,MA,02144,Bank Fees,Total Credit Card Fees for the Period,11/05/2025,$125.56,Initiative
Homes Not Stadiums,,,,,366 Summer St ,Somerville,MA,02144,Bank Fees,Act Blue Fees on Credit Card Contributions,07/30/2025,$241.84,Initiative
Homes Not Stadiums,Adam,,Eidinger,,2448 Massachusetts Ave NW,Washington,DC,20008,Refund,,11/05/2025,$19.52,Initiative
Homes Not Stadiums,Adam,,Eidinger,,2448 Massachusetts Ave NW,Washington,DC,20008,Refund,,11/03/2025,$5300.00,Initiative
Homes Not Stadiums,,,,,1335 Park Center Drive,Vista,CA,92081,In-Kind,Expenses and Staff Time,07/30/2025,$34000.00,Initiative
Homes Not Stadiums,Cesar,,Maxit,,1830 Belmont Rd NW,Washington,DC,20009,Consultant,Graphic Design and Printing,07/16/2025,$4102.34,Initiative
Homes Not Stadiums,,,,,1199 Vermont Ave NW,Washington,DC,20005,Campaign Materials,Supplies for Postering,06/04/2025,$67.70,Initiative
Homes Not Stadiums,,,,,PO box 818095,Cleveland,OH,44181,Bank Fees,Checks,05/01/2025,$129.78,Initiative
Homes Not Stadiums,,,,,6217 Georgia Ave NW,Washington,DC,20011,Campaign Materials,Poster Supplies,07/17/2025,$10.20,Initiative
Lock the Clock DC - The DC Time Stability Act,,,,,1825 K Street,Washington,DC,20006,Bank Fees,,01/29/2026,$14.00,Initiative
Lock the Clock DC - The DC Time Stability Act,,,,,1825 K Street,Washington,DC,20006,Bank Fees,,12/30/2025,$14.00,Initiative
Lock the Clock DC - The DC Time Stability Act,,,,,1825 K Street,Washington,DC,20006,Bank Fees,,11/26/2025,$14.00,Initiative
Lock the Clock DC - The DC Time Stability Act,,,,,1825 K Street,Washington,DC,20006,Bank Fees,,10/29/2025,$14.00,Initiative
Lock the Clock DC - The DC Time Stability Act,,,,,1825 K Street,Washington,DC,20006,Bank Fees,,09/26/2025,$14.00,Initiative
Lock the Clock DC - The DC Time Stability Act,,,,,1825 K Street,Washington,DC,20006,Bank Fees,,07/29/2025,$14.00,Initiative
Lock the Clock DC - The DC Time Stability Act,,,,,1825 K Street,Washington,DC,20006,Bank Fees,,06/27/2025,$14.00,Initiative
Lock the Clock DC - The DC Time Stability Act,,,,,1825 K Street,Washington,DC,20006,Bank Fees,,05/29/2025,$14.00,Initiative
More Affordable DC,,,,,PO Box 441146,Somerville,MA,02144,Bank Fees,Credit Card fees,01/31/2026,$1.26,Initiative
More Affordable DC,Cesar,,Maxit,,1830 Belmont Road NW,Washington,DC,20009,Computer and Web Expenses,Web and Graphic Designer Services,01/14/2026,$2565.00,Initiative
More Affordable DC,,,,,801 S Marquette Avenue,Minneapolis,MN,55402,Bank Fees,Checks,01/21/2026,$147.08,Initiative
More Affordable DC,,,,,1620 Eye St NW Suite 900,Washington,DC,20006,In-Kind,Legal Work on ballot Measure,11/19/2025,$3265.00,Initiative
Pro-Animal DC,,,,,888 Brannan Street,San Fransisco,CA,94103,Travel,,11/18/2025,$7703.70,Initiative
Pro-Animal DC,,,,,601 New Jersey Ave NW Suite 900,Washington,DC,20001,Supplies,Supplies for campaign,02/21/2026,$748.88,Initiative
Pro-Animal DC,,,,,601 New Jersey Ave NW Suite 900,Washington,DC,20001,Supplies,Filing cabinet,02/21/2026,$105.99,Initiative
Pro-Animal DC,,,,,601 New Jersey Ave NW Suite 900,Washington,DC,20001,Supplies,,02/21/2026,$55.49,Initiative
Pro-Animal DC,Cady,,Witt,,1375 Kenyon St NW Apt 414 ,Washington,DC,20010,Salary/Stipend,,02/28/2026,$10267.23,Initiative
Pro-Animal DC,Cady,,Witt,,1375 Kenyon St NW Apt 414 ,Washington,DC,20010,Salary/Stipend,,01/30/2026,$12635.01,Initiative
Pro-Animal DC,,,,,Delta Bvld PO Box 20706,Atlanta,GA,30320,Travel,,02/13/2026,$138.20,Initiative
Pro-Animal DC,,,,,Gallup Building 901 F Street NW 5th Floor,Washington,DC,20004,Computer and Web Expenses,API for DC,02/25/2026,$20.00,Initiative
Pro-Animal DC,,,,,65 Chulia Street OCBC Centre,Singapore,NA,49513,Computer and Web Expenses,,02/25/2026,$25.00,Initiative
Pro-Animal DC,,,,,03190 1111 S Colorado Blvd,Denver,CO,80246,Supplies,,02/24/2026,$26.17,Initiative
Friends of Cynthia Phillips,,,,,2000 11th St NW,Washington,DC,20001,Bank Fees,,02/01/2026,$45.00,Exploratory Committee
Friends of Cynthia Phillips,,,,,2000 11th St NW,Washington,DC,20001,Bank Fees,,02/01/2026,$6.00,Exploratory Committee
"Murphy For Ward 6, Inc.",,,,,PO Box 441446,Somerville,MA,02144,Bank Fees,,09/28/2025,$9.88,Exploratory Committee
"Murphy For Ward 6, Inc.",,,,,PO Box 441446,Somerville,MA,02144,Bank Fees,,09/21/2025,$3.95,Exploratory Committee
"Murphy For Ward 6, Inc.",,,,,PO Box 441446,Somerville,MA,02144,Bank Fees,,09/14/2025,$9.88,Exploratory Committee
"Murphy For Ward 6, Inc.",,,,,PO Box 441446,Somerville,MA,02144,Bank Fees,,08/31/2025,$15.80,Exploratory Committee
"Murphy For Ward 6, Inc.",,,,,PO Box 441446,Somerville,MA,02144,Bank Fees,,07/27/2025,$19.75,Exploratory Committee
"Murphy For Ward 6, Inc.",,,,,PO Box 441446,Somerville,MA,02144,Bank Fees,,07/13/2025,$19.75,Exploratory Committee
"Murphy For Ward 6, Inc.",,,,,PO Box 441446,Somerville,MA,02144,Bank Fees,,07/06/2025,$41.48,Exploratory Committee
"Murphy For Ward 6, Inc.",,,,,PO Box 441446,Somerville,MA,02144,Bank Fees,,06/29/2025,$25.48,Exploratory Committee
"Murphy For Ward 6, Inc.",,,,,PO Box 441446,Somerville,MA,02144,Bank Fees,,06/22/2025,$37.55,Exploratory Committee
"Murphy For Ward 6, Inc.",,,,,PO Box 441446,Somerville,MA,02144,Bank Fees,,06/15/2025,$15.62,Exploratory Committee
"Murphy For Ward 6, Inc.",,,,,PO Box 441446,Somerville,MA,02144,Bank Fees,,06/08/2025,$360.89,Exploratory Committee
"Murphy For Ward 6, Inc.",,,,,4 Atlantic Street SE,Washington,DC,20032,In-Kind,"Check to Community of Hope - transfer to charitable organization per May 9, 2024 (OCF Form 14).",11/07/2025,$42.04,Exploratory Committee
"Murphy For Ward 6, Inc.",,,,,828 18th Street NE,Washington,DC,20002,Consultant,October Overage,10/15/2025,$900.00,Exploratory Committee
"Murphy For Ward 6, Inc.",,,,,828 18th Street NE,Washington,DC,20002,Consultant,,09/30/2025,$3600.00,Exploratory Committee
"Murphy For Ward 6, Inc.",,,,,828 18th Street NE,Washington,DC,20002,Consultant,,09/02/2025,$3600.00,Exploratory Committee
"Murphy For Ward 6, Inc.",,,,,828 18th Street NE,Washington,DC,20002,Consultant,,08/04/2025,$3700.00,Exploratory Committee
"Murphy For Ward 6, Inc.",,,,,828 18th Street NE,Washington,DC,20002,Consultant,May & June Hourly Overage (Invoice); July Retainer,07/01/2025,$6060.00,Exploratory Committee
"Murphy For Ward 6, Inc.",,,,,828 18th Street NE,Washington,DC,20002,Consultant,May & June Retainer,05/16/2025,$5000.00,Exploratory Committee
"Murphy For Ward 6, Inc.",Michael,,Murphy,,322 E Street NE,Washington,DC,20002,Computer and Web Expenses,Reimbursement for Slack (8/9; 9/9; 10/9),10/24/2025,$26.48,Exploratory Committee
"Murphy For Ward 6, Inc.",Michael,,Murphy,,322 E Street NE,Washington,DC,20002,Computer and Web Expenses,"Squarespace $292.56, Kinko's $9.67, Slack $27.22",07/30/2025,$329.45,Exploratory Committee
"Murphy For Ward 6, Inc.",,,,,1330 Connecticut Avenue NW,Washington,DC,20036,Consultant,Steptoe: Legal Services,07/30/2025,$2802.00,Exploratory Committee
"Murphy For Ward 6, Inc.",,,,,360 H Street NE,Washington,DC,20002,Bank Fees,,10/21/2025,$15.00,Exploratory Committee
"Murphy For Ward 6, Inc.",,,,,360 H Street NE,Washington,DC,20002,Bank Fees,,09/22/2025,$15.00,Exploratory Committee
"Murphy For Ward 6, Inc.",,,,,360 H Street NE,Washington,DC,20002,Bank Fees,Service Charge - Prior Period,08/21/2025,$15.00,Exploratory Committee
"Murphy For Ward 6, Inc.",,,,,360 H Street NE,Washington,DC,20002,Bank Fees,Reissue of Lumina Check,08/04/2025,$10.00,Exploratory Committee
Rhonda L. Hamilton 4 DC 2026 Mayoral Candidacy Exploratory Committee,,,,,4707 Raleigh Road,Temple Hills,MD,20748,Catering/Refreshments,Fundraiser Event,06/07/2025,$1250.00,Exploratory Committee
Rhonda L. Hamilton 4 DC 2026 Mayoral Candidacy Exploratory Committee,,,,,3500 South Dupont Highway,Dover,DE,19901,Printing,Design duplication fee.,10/29/2025,$11.75,Exploratory Committee
Rhonda L. Hamilton 4 DC 2026 Mayoral Candidacy Exploratory Committee,,,,,3500 South Dupont Highway,Dover,DE,19901,Campaign Materials,,10/27/2025,$125.86,Exploratory Committee
Rhonda L. Hamilton 4 DC 2026 Mayoral Candidacy Exploratory Committee,,,,,1724 S Sergeant Ave,Joplin,MO,64804-0575,Computer and Web Expenses,,10/16/2025,$680.00,Exploratory Committee
Rhonda L. Hamilton 4 DC 2026 Mayoral Candidacy Exploratory Committee,,,,,1724 S Sergeant Ave,Joplin,MO,64804-0575,In-Kind,$50/mo. Campaign website maintenance expense for Oct. 2024 - Jan. 2025 has been paid by the candidate.,01/31/2025,$150.00,Exploratory Committee
Rhonda L. Hamilton 4 DC 2026 Mayoral Candidacy Exploratory Committee,,,,,1101 6th Street Southwest,Washington,DC,20024,Fund-raiser,The 2025 Peace Ball,01/18/2025,$313.01,Exploratory Committee
Rhonda L. Hamilton 4 DC 2026 Mayoral Candidacy Exploratory Committee,,,,,7932 Old Branch Ave,Clinton,MD,20735,Fund-raiser,Golf Tournament Award,06/06/2025,$92.86,Exploratory Committee
Rhonda L. Hamilton 4 DC 2026 Mayoral Candidacy Exploratory Committee,,,,,5600 Georgia Ave,Washington,DC,20011,Fund-raiser,Event decorations and supplies.,06/06/2025,$207.47,Exploratory Committee
Rhonda L. Hamilton 4 DC 2026 Mayoral Candidacy Exploratory Committee,,,,,7059 Allentown Rd,Temple Hills,MD,20748,Fund-raiser,Event decorations and supplies.,06/05/2025,$234.34,Exploratory Committee
Rhonda L. Hamilton 4 DC 2026 Mayoral Candidacy Exploratory Committee,,,,,4707 Raleigh Road,Temple Hills,MD,20748,Fund-raiser,Entertainment/D.J.,06/07/2025,$400.00,Exploratory Committee
Rhonda L. Hamilton 4 DC 2026 Mayoral Candidacy Exploratory Committee,,,,,7074 Allentown Rd,Camp Springs,MD,20748,Fund-raiser,Drinks,06/05/2025,$80.50,Exploratory Committee
Rhonda L. Hamilton 4 DC 2026 Mayoral Candidacy Exploratory Committee,,,,,100 S Mill Ave Suite 1600, Tempe,AZ,85281,Computer and Web Expenses,,12/07/2025,$24.18,Exploratory Committee
Rhonda L. Hamilton 4 DC 2026 Mayoral Candidacy Exploratory Committee,,,,,3847 Branch Ave Suite 107,Temple Hills,MD,20748,Printing,Fundraiser Event,06/07/2025,$449.00,Exploratory Committee
Rhonda L. Hamilton 4 DC 2026 Mayoral Candidacy Exploratory Committee,,,,,3847 Branch Ave Suite 107,Temple Hills,MD,20748,Campaign Materials,T-shirts,11/21/2024,$525.00,Exploratory Committee
Rhonda L. Hamilton 4 DC 2026 Mayoral Candidacy Exploratory Committee,,,,,3847 Branch Ave Suite 107,Temple Hills,MD,20748,Campaign Materials,T-shirts,10/25/2024,$350.00,Exploratory Committee
Rhonda L. Hamilton 4 DC 2026 Mayoral Candidacy Exploratory Committee,,,,,1857 Ritchie Station Ct,Capitol Heights,MD,20743,Campaign Materials,Fundraiser Event,06/04/2025,$261.27,Exploratory Committee
Rhonda L. Hamilton 4 DC 2026 Mayoral Candidacy Exploratory Committee,,,,,185 Berry Street,San Francisco,CA,94107,Travel,,12/05/2025,$12.95,Exploratory Committee
Rhonda L. Hamilton 4 DC 2026 Mayoral Candidacy Exploratory Committee,,,,,185 Berry Street,San Francisco,CA,94107,Travel,,11/22/2025,$12.73,Exploratory Committee
Rhonda L. Hamilton 4 DC 2026 Mayoral Candidacy Exploratory Committee,,,,,185 Berry Street,San Francisco,CA,94107,Travel,,11/21/2025,$15.99,Exploratory Committee
Rhonda L. Hamilton 4 DC 2026 Mayoral Candidacy Exploratory Committee,,,,,185 Berry Street,San Francisco,CA,94107,Travel,,11/15/2025,$12.96,Exploratory Committee
Rhonda L. Hamilton 4 DC 2026 Mayoral Candidacy Exploratory Committee,,,,,185 Berry Street,San Francisco,CA,94107,Travel,,11/12/2025,$10.78,Exploratory Committee
Rhonda L. Hamilton 4 DC 2026 Mayoral Candidacy Exploratory Committee,,,,,185 Berry Street,San Francisco,CA,94107,Travel,,10/22/2025,$40.68,Exploratory Committee
Rhonda L. Hamilton 4 DC 2026 Mayoral Candidacy Exploratory Committee,,,,,185 Berry Street,San Francisco,CA,94107,Travel,,10/18/2025,$28.99,Exploratory Committee
Rhonda L. Hamilton 4 DC 2026 Mayoral Candidacy Exploratory Committee,,,,,185 Berry Street,San Francisco,CA,94107,Travel,,10/13/2025,$27.67,Exploratory Committee
Rhonda L. Hamilton 4 DC 2026 Mayoral Candidacy Exploratory Committee,,,,,185 Berry Street,San Francisco,CA,94107,Travel,,08/15/2025,$9.91,Exploratory Committee
Rhonda L. Hamilton 4 DC 2026 Mayoral Candidacy Exploratory Committee,,,,,185 Berry Street,San Francisco,CA,94107,Travel,,08/14/2025,$26.73,Exploratory Committee
Rhonda L. Hamilton 4 DC 2026 Mayoral Candidacy Exploratory Committee,,,,,185 Berry Street,San Francisco,CA,94107,Travel,,08/07/2025,$44.46,Exploratory Committee
Rhonda L. Hamilton 4 DC 2026 Mayoral Candidacy Exploratory Committee,,,,,185 Berry Street,San Francisco,CA,94107,Travel,,08/06/2025,$22.68,Exploratory Committee
Rhonda L. Hamilton 4 DC 2026 Mayoral Candidacy Exploratory Committee,,,,,185 Berry Street,San Francisco,CA,94107,Travel,,08/03/2025,$18.97,Exploratory Committee
Rhonda L. Hamilton 4 DC 2026 Mayoral Candidacy Exploratory Committee,,,,,185 Berry Street,San Francisco,CA,94107,Travel,,08/02/2025,$32.82,Exploratory Committee
Rhonda L. Hamilton 4 DC 2026 Mayoral Candidacy Exploratory Committee,,,,,185 Berry Street,San Francisco,CA,94107,Travel,,07/30/2025,$27.99,Exploratory Committee
Rhonda L. Hamilton 4 DC 2026 Mayoral Candidacy Exploratory Committee,,,,,185 Berry Street,San Francisco,CA,94107,Travel,,07/24/2025,$36.44,Exploratory Committee
Rhonda L. Hamilton 4 DC 2026 Mayoral Candidacy Exploratory Committee,,,,,185 Berry Street,San Francisco,CA,94107,Travel,,07/23/2025,$19.91,Exploratory Committee
Rhonda L. Hamilton 4 DC 2026 Mayoral Candidacy Exploratory Committee,,,,,185 Berry Street,San Francisco,CA,94107,Travel,,07/21/2025,$10.69,Exploratory Committee
Rhonda L. Hamilton 4 DC 2026 Mayoral Candidacy Exploratory Committee,,,,,185 Berry Street,San Francisco,CA,94107,Travel,,07/19/2025,$37.18,Exploratory Committee
Rhonda L. Hamilton 4 DC 2026 Mayoral Candidacy Exploratory Committee,,,,,185 Berry Street,San Francisco,CA,94107,Travel,,07/18/2025,$22.57,Exploratory Committee
Rhonda L. Hamilton 4 DC 2026 Mayoral Candidacy Exploratory Committee,,,,,185 Berry Street,San Francisco,CA,94107,Travel,,07/15/2025,$30.94,Exploratory Committee
Rhonda L. Hamilton 4 DC 2026 Mayoral Candidacy Exploratory Committee,,,,,185 Berry Street,San Francisco,CA,94107,Travel,,07/13/2025,$36.76,Exploratory Committee
Rhonda L. Hamilton 4 DC 2026 Mayoral Candidacy Exploratory Committee,,,,,185 Berry Street,San Francisco,CA,94107,Travel,,07/09/2025,$43.98,Exploratory Committee
Rhonda L. Hamilton 4 DC 2026 Mayoral Candidacy Exploratory Committee,,,,,185 Berry Street,San Francisco,CA,94107,Travel,,07/03/2025,$20.99,Exploratory Committee
Rhonda L. Hamilton 4 DC 2026 Mayoral Candidacy Exploratory Committee,,,,,185 Berry Street,San Francisco,CA,94107,Travel,,06/30/2025,$49.27,Exploratory Committee
Rhonda L. Hamilton 4 DC 2026 Mayoral Candidacy Exploratory Committee,,,,,185 Berry Street,San Francisco,CA,94107,Travel,,06/26/2025,$37.62,Exploratory Committee
Rhonda L. Hamilton 4 DC 2026 Mayoral Candidacy Exploratory Committee,,,,,185 Berry Street,San Francisco,CA,94107,Travel,,06/23/2025,$49.40,Exploratory Committee
Rhonda L. Hamilton 4 DC 2026 Mayoral Candidacy Exploratory Committee,,,,,185 Berry Street,San Francisco,CA,94107,Travel,,06/04/2025,$14.68,Exploratory Committee
Rhonda L. Hamilton 4 DC 2026 Mayoral Candidacy Exploratory Committee,,,,,185 Berry Street,San Francisco,CA,94107,Travel,,05/22/2025,$17.73,Exploratory Committee
Rhonda L. Hamilton 4 DC 2026 Mayoral Candidacy Exploratory Committee,,,,,185 Berry Street,San Francisco,CA,94107,Travel,,05/20/2025,$28.69,Exploratory Committee
Rhonda L. Hamilton 4 DC 2026 Mayoral Candidacy Exploratory Committee,,,,,185 Berry Street,San Francisco,CA,94107,Travel,,05/10/2025,$111.25,Exploratory Committee
Rhonda L. Hamilton 4 DC 2026 Mayoral Candidacy Exploratory Committee,,,,,185 Berry Street,San Francisco,CA,94107,Travel,,05/07/2025,$69.90,Exploratory Committee
Rhonda L. Hamilton 4 DC 2026 Mayoral Candidacy Exploratory Committee,,,,,185 Berry Street,San Francisco,CA,94107,Travel,,05/03/2025,$53.46,Exploratory Committee
Rhonda L. Hamilton 4 DC 2026 Mayoral Candidacy Exploratory Committee,,,,,185 Berry Street,San Francisco,CA,94107,Travel,,04/29/2025,$26.58,Exploratory Committee
Rhonda L. Hamilton 4 DC 2026 Mayoral Candidacy Exploratory Committee,,,,,185 Berry Street,San Francisco,CA,94107,Travel,,04/26/2025,$32.85,Exploratory Committee
Rhonda L. Hamilton 4 DC 2026 Mayoral Candidacy Exploratory Committee,,,,,185 Berry Street,San Francisco,CA,94107,Travel,,04/22/2025,$38.89,Exploratory Committee
Rhonda L. Hamilton 4 DC 2026 Mayoral Candidacy Exploratory Committee,,,,,185 Berry Street,San Francisco,CA,94107,Travel,,04/13/2025,$22.76,Exploratory Committee
Rhonda L. Hamilton 4 DC 2026 Mayoral Candidacy Exploratory Committee,,,,,185 Berry Street,San Francisco,CA,94107,Travel,,03/31/2025,$28.62,Exploratory Committee
Rhonda L. Hamilton 4 DC 2026 Mayoral Candidacy Exploratory Committee,,,,,185 Berry Street,San Francisco,CA,94107,Travel,,03/29/2025,$30.21,Exploratory Committee
Rhonda L. Hamilton 4 DC 2026 Mayoral Candidacy Exploratory Committee,,,,,185 Berry Street,San Francisco,CA,94107,Travel,,03/22/2025,$33.98,Exploratory Committee
Rhonda L. Hamilton 4 DC 2026 Mayoral Candidacy Exploratory Committee,,,,,185 Berry Street,San Francisco,CA,94107,Travel,,03/18/2025,$27.95,Exploratory Committee
Rhonda L. Hamilton 4 DC 2026 Mayoral Candidacy Exploratory Committee,,,,,185 Berry Street,San Francisco,CA,94107,Travel,,03/17/2025,$81.25,Exploratory Committee
Rhonda L. Hamilton 4 DC 2026 Mayoral Candidacy Exploratory Committee,,,,,185 Berry Street,San Francisco,CA,94107,Travel,,03/16/2025,$17.99,Exploratory Committee
Rhonda L. Hamilton 4 DC 2026 Mayoral Candidacy Exploratory Committee,,,,,185 Berry Street,San Francisco,CA,94107,Travel,,03/15/2025,$25.73,Exploratory Committee
Rhonda L. Hamilton 4 DC 2026 Mayoral Candidacy Exploratory Committee,,,,,185 Berry Street,San Francisco,CA,94107,Travel,,03/10/2025,$22.89,Exploratory Committee
Rhonda L. Hamilton 4 DC 2026 Mayoral Candidacy Exploratory Committee,,,,,185 Berry Street,San Francisco,CA,94107,Travel,,03/09/2025,$19.76,Exploratory Committee
Rhonda L. Hamilton 4 DC 2026 Mayoral Candidacy Exploratory Committee,,,,,185 Berry Street,San Francisco,CA,94107,Travel,,03/06/2025,$9.54,Exploratory Committee
Rhonda L. Hamilton 4 DC 2026 Mayoral Candidacy Exploratory Committee,,,,,185 Berry Street,San Francisco,CA,94107,Travel,,03/06/2025,$19.88,Exploratory Committee
Rhonda L. Hamilton 4 DC 2026 Mayoral Candidacy Exploratory Committee,,,,,185 Berry Street,San Francisco,CA,94107,Travel,,02/25/2025,$16.99,Exploratory Committee
Rhonda L. Hamilton 4 DC 2026 Mayoral Candidacy Exploratory Committee,,,,,185 Berry Street,San Francisco,CA,94107,Travel,,02/25/2025,$24.89,Exploratory Committee
Rhonda L. Hamilton 4 DC 2026 Mayoral Candidacy Exploratory Committee,,,,,185 Berry Street,San Francisco,CA,94107,Travel,,02/23/2025,$25.99,Exploratory Committee
Rhonda L. Hamilton 4 DC 2026 Mayoral Candidacy Exploratory Committee,,,,,185 Berry Street,San Francisco,CA,94107,Travel,,02/22/2025,$15.88,Exploratory Committee
Rhonda L. Hamilton 4 DC 2026 Mayoral Candidacy Exploratory Committee,,,,,185 Berry Street,San Francisco,CA,94107,Travel,,02/22/2025,$17.94,Exploratory Committee
Rhonda L. Hamilton 4 DC 2026 Mayoral Candidacy Exploratory Committee,,,,,185 Berry Street,San Francisco,CA,94107,Travel,,02/04/2025,$35.99,Exploratory Committee
Rhonda L. Hamilton 4 DC 2026 Mayoral Candidacy Exploratory Committee,,,,,185 Berry Street,San Francisco,CA,94107,Travel,,02/04/2025,$25.65,Exploratory Committee
Rhonda L. Hamilton 4 DC 2026 Mayoral Candidacy Exploratory Committee,,,,,185 Berry Street,San Francisco,CA,94107,Travel,,02/03/2025,$23.96,Exploratory Committee
Rhonda L. Hamilton 4 DC 2026 Mayoral Candidacy Exploratory Committee,,,,,185 Berry Street,San Francisco,CA,94107,Travel,Travel,10/26/2024,$25.35,Exploratory Committee
Rhonda L. Hamilton 4 DC 2026 Mayoral Candidacy Exploratory Committee,,,,,185 Berry Street,San Francisco,CA,94107,Travel,Travel,10/26/2024,$32.95,Exploratory Committee
Rhonda L. Hamilton 4 DC 2026 Mayoral Candidacy Exploratory Committee,,,,,UKG Microcourt Mailroom Mill Street East,Dewsbury,NA,99999,Supplies,Virtual Greeting Card Subscription,01/01/2025,$30.00,Exploratory Committee
Rhonda L. Hamilton 4 DC 2026 Mayoral Candidacy Exploratory Committee,,,,,14254 Cherry Lane Ct,Laurel,MD,20707,Rental,Fundraiser Event,06/04/2025,$795.00,Exploratory Committee
Rhonda L. Hamilton 4 DC 2026 Mayoral Candidacy Exploratory Committee,,,,,9120 Livingston Rd,Fort Washington,MD,20744,Rental,Fundraiser Event,06/09/2025,$340.53,Exploratory Committee
Rhonda L. Hamilton 4 DC 2026 Mayoral Candidacy Exploratory Committee,,,,,9120 Livingston Rd,Fort Washington,MD,20744,Supplies,Fundraiser Event,06/06/2025,$55.65,Exploratory Committee
Rhonda L. Hamilton 4 DC 2026 Mayoral Candidacy Exploratory Committee,,,,,8000 Haskell Avenue,Van Nuys,CA,91406,Campaign Materials,,10/27/2025,$174.02,Exploratory Committee
Rhonda L. Hamilton 4 DC 2026 Mayoral Candidacy Exploratory Committee,,,,,8000 Haskell Avenue,Van Nuys,CA,91406,Campaign Materials,,10/03/2025,$174.02,Exploratory Committee
Rhonda L. Hamilton 4 DC 2026 Mayoral Candidacy Exploratory Committee,,,,,6100 16th Street NW,Washington,DC,20011,Fund-raiser,Golf Event Fees,06/07/2025,$714.83,Exploratory Committee
Rhonda L. Hamilton 4 DC 2026 Mayoral Candidacy Exploratory Committee,,,,,8785 Branch Ave,Clinton,MD,20735,Fund-raiser,Cake and supplies.,06/06/2025,$80.50,Exploratory Committee
Rhonda L. Hamilton 4 DC 2026 Mayoral Candidacy Exploratory Committee,,,,,335 Steelcase Road East,Markham,NA,99999,Campaign Materials,"Campaign materials - Expense paid by Delvon Forbes 5302 Manchester Drive, Suitland, Md. 20746 - BIMBOS Bakeries - Truck driver.",11/18/2024,$323.46,Exploratory Committee
Rhonda L. Hamilton 4 DC 2026 Mayoral Candidacy Exploratory Committee,,,,,335 Steelcase Road East,Markham,NA,99999,Campaign Materials,"Campaign materials - Expense paid by Delvon Forbes 5302 Manchester Drive, Suitland, Md. 20746 - BIMBOS Bakeries - Truck driver.",10/22/2024,$301.79,Exploratory Committee
Rhonda L. Hamilton 4 DC 2026 Mayoral Candidacy Exploratory Committee,,,,,335 Steelcase Road East,Markham,NA,99999,Campaign Materials,"Campaign materials - Expense paid by Delvon Forbes 5302 Manchester Drive, Suitland, Md. 20746 - BIMBOS Bakeries - Truck driver.",10/22/2024,$394.70,Exploratory Committee
Rhonda L. Hamilton 4 DC 2026 Mayoral Candidacy Exploratory Committee,,,,,500 Staples Drive, Farmington,MA,01702,Supplies,,10/15/2025,$193.32,Exploratory Committee
Rhonda L. Hamilton 4 DC 2026 Mayoral Candidacy Exploratory Committee,,,,,500 Staples Drive, Farmington,MA,01702,Printing,Campaign flyers,10/15/2025,$400.00,Exploratory Committee
Rhonda L. Hamilton 4 DC 2026 Mayoral Candidacy Exploratory Committee,,,,,354 Oyster Point Boulevard South,San Francisco,CA,94080,Bank Fees,,01/31/2025,$40.43,Exploratory Committee
Rhonda L. Hamilton 4 DC 2026 Mayoral Candidacy Exploratory Committee,,,,,PO Box 742596,Cincinnati,OH,45274-2596,Phone Bill,,12/02/2025,$113.55,Exploratory Committee
Rhonda L. Hamilton 4 DC 2026 Mayoral Candidacy Exploratory Committee,,,,,PO Box 742596,Cincinnati,OH,45274-2596,Phone Bill,,11/15/2025,$123.39,Exploratory Committee
Rhonda L. Hamilton 4 DC 2026 Mayoral Candidacy Exploratory Committee,,,,,PO Box 742596,Cincinnati,OH,45274-2596,In-Kind,$60/mo. telephone service expense for the advertised campaign phone line (202) 486-6037 from Oct 2024 - Jan 2025 has been paid by the candidate.,01/31/2025,$180.00,Exploratory Committee
Rhonda L. Hamilton 4 DC 2026 Mayoral Candidacy Exploratory Committee,,,,,9120 Livingston Rd ,Fort Washington,MD,20744,Rental,Fundraiser Event,06/06/2025,$232.70,Exploratory Committee
Rhonda L. Hamilton 4 DC 2026 Mayoral Candidacy Exploratory Committee,,,,,475 LEnfant Plaza SW,Washington,DC,20260-2200,Rental,,10/07/2025,$71.00,Exploratory Committee
Rhonda L. Hamilton 4 DC 2026 Mayoral Candidacy Exploratory Committee,,,,,P O BOX 30444,Washington,DC,20030,Advertising,Sister Nia 2X Radio Program subscription fee (1 yr),01/27/2025,$10.00,Exploratory Committee
Rhonda L. Hamilton 4 DC 2026 Mayoral Candidacy Exploratory Committee,,,,,300 7th Street SW,Washington,DC,20024,Travel,,12/05/2025,$10.00,Exploratory Committee
Rhonda L. Hamilton 4 DC 2026 Mayoral Candidacy Exploratory Committee,,,,,300 7th Street SW,Washington,DC,20024,Travel,,10/21/2025,$10.00,Exploratory Committee
DC Chamber Growth Agenda Independent Expenditure Committee,,,,,2001 K St Suite 150,Washington,DC,20006,Bank Fees,service charge,02/28/2026,$5.00,Independent Expenditure Committee
DC Chamber Growth Agenda Independent Expenditure Committee,,,,,2001 K St Suite 150,Washington,DC,20006,Bank Fees,bank fee- service charge,01/31/2026,$5.00,Independent Expenditure Committee
DC Chamber Growth Agenda Independent Expenditure Committee,,,,,1500 Amphitheatre Pkwy,Mountain View,CA,94043,Computer and Web Expenses,Google workspace,01/28/2026,$23.32,Independent Expenditure Committee
DC Chamber Growth Agenda Independent Expenditure Committee,,,,,1500 Amphitheatre Pkwy,Mountain View,CA,94043,Computer and Web Expenses,,12/31/2025,$18.01,Independent Expenditure Committee
DC Chamber Growth Agenda Independent Expenditure Committee,,,,,1750 Pennsylvania Ave,Washington,DC,20006,Rental,PO Box Rental,12/11/2025,$318.00,Independent Expenditure Committee
Safe and Affordable DC,,,,,PO Box 972017,Boston,MA,02196,Bank Fees,,03/08/2026,$13.83,Independent Expenditure Committee
Safe and Affordable DC,,,,,PO Box 972017,Boston,MA,02196,Bank Fees,,02/15/2026,$.20,Independent Expenditure Committee
Sierra Club DC PAC,,,,,PO Box 962017,Boston,MA,02196-2017,Fund-raiser,Service fees,03/08/2026,$55.15,Independent Expenditure Committee
Sierra Club DC PAC,,,,,PO Box 962017,Boston,MA,02196-2017,Fund-raiser,Service fees,03/01/2026,$113.38,Independent Expenditure Committee
Sierra Club DC PAC,,,,,PO Box 962017,Boston,MA,02196-2017,Fund-raiser,Service fees,02/22/2026,$5.93,Independent Expenditure Committee
Sierra Club DC PAC,,,,,PO Box 962017,Boston,MA,02196-2017,Fund-raiser,Service fee,02/15/2026,$68.17,Independent Expenditure Committee
Sierra Club DC PAC,David,,Whitehead,,1112 K Street NE,Washington,DC,20002,Supplies,Notary fees,02/24/2026,$10.00,Independent Expenditure Committee
Sierra Club DC PAC,John,,Zottoli,,3025 Ontario Road NW Apt 504,Washington,DC,20009,In-Kind,,03/04/2026,$164.08,Independent Expenditure Committee
Sierra Club DC PAC,Matthew,,Gravatt,,626 3rd Street NE,Washington,DC,20002,In-Kind,,03/04/2026,$130.99,Independent Expenditure Committee
Sierra Club DC PAC,Matthew,,Gravatt,,626 3rd Street NE,Washington,DC,20002,Computer and Web Expenses,,02/24/2026,$297.86,Independent Expenditure Committee
Sierra Club DC PAC,,,,,2101 Webster St Suite 1300,Oakland,CA,94612,Polling/Mailing List,list,02/24/2026,$240.00,Independent Expenditure Committee
